Id,Gross,Tax,Net
1,652,182.4528,469.5472
2,418,62.699999999999996,355.3
3,2202,754.91429999999991,1447.0857
4,1104,165.6,938.4
5,1797,596.96430000000009,1200.0357
