Id,Gross,Tax,Net
1,652,182.45,469.55
2,418,62.699999999999996,355.3
3,2202,754.91,1447.0900000000002
4,1104,165.6,938.4
5,1797,596.96,1200.04
